Product Name,Product Subtitle,Product Render,Technical Diagram,Dimensions,Cutout,IP rating,Beam Angles,CCT Options,Wattage,Dimming & Control,Trim Options,Reflector Options,CRI,Rf,Rg,Accessories,Application,SKU Code,Stock
SABLE 55,Recessed Downlight - Adjustable,sable55-render.jpg,sable55-diagram.png,D62 x H79mm,55mm,20,15/24/36°,2700K/3000K/4000K,9W,"On-Off, TRIAC, 0-10V, DALI, CASAMBI",White/Black/Round/Square/Trimless/Double,Gun Black/White/Black/Chrome,90,90,100,Honeycomb,"Hotel, Residences, F&B/Low Glare Areas",DL-SABLE55-9W,Selected configurations available in Bangkok
SABLE 55 PINHOLE,Recessed Downlight - Fixed 10mm Aperture,sable55-7x-render.jpg,sable55-7x-diagram.png,D75 x H77mm,55mm,20,15/24/36°,2700K/3000K/4000K,7W,"On-Off, TRIAC, 0-10V, DALI, CASAMBI",White,—,90,90,100,n/a,"Hotel, Residences, F&B/Low Glare Areas",DL-SABLE55X-7W,Selected configurations available in Bangkok
SABLE 75,Recessed Downlight - Adjustable,sable75-render.jpg,sable75-diagram.png,D82 x H96mm,75mm,20,15/24/36/50°,2700K/3000K/4000K,12W/15W,"On-Off, TRIAC, 0-10V, DALI, CASAMBI",White/Black/Round/Square/Trimless/Double,Gun Black/White/Black/Chrome,90,90,100,Honeycomb,"Hotel, Residences, F&B, Retail/Low Glare Areas",DL-SABLE75-12W/DL-SABLE75-15W,Selected configurations available in Bangkok
SABLE 95,Recessed Downlight - Adjustable,sable95-render.jpg,sable95-diagram.png,D110 x H125mm,95mm,20,15/24/36/50°,2700K/3000K/4000K,25W,"On-Off, TRIAC, 0-10V, DALI, CASAMBI",White/Black/Round/Trimless,Gun Black/White/Black/Chrome,90,90,100,Honeycomb,"Hotel, Residences, F&B, Retail/Low Glare Areas",DL-SABLE95-25W,Selected configurations available in Bangkok
SABLE VANITY,Recessed Downlight - Fixed,sable75v-render.jpg,sable75v-diagram.png,D82 x H78mm,75mm,20,Fixed,2700K/3000K/4000K,12W,"On-Off, TRIAC, 0-10V, DALI, CASAMBI",White,—,90,90,100,n/a,"Hotels, Residences/Vanity Mirror",DL-SABLE75V-12W,Selected configurations available in Bangkok
RETRO 75,Recessed Downlight - Adjustable,retro75-render.jpg,retro75-diagram.png,D82 x H50mm,75mm,20,Per bulb,—,—,"On-Off, TRIAC",White/Black,Chrome,—,n/a,n/a,Honeycomb,"Hotel, Residences, F&B/Low Glare Areas",DL-RETRO75,Selected configurations available in Bangkok
HALO 110,Recessed Downlight - Fixed,halo110-render.jpg,halo110-diagram.png,D124 x H56mm,110mm,20,100°,2700K/3000K/4000K,15W,"On-Off, TRIAC, 0-10V, DALI, CASAMBI",White,—,90,90,100,n/a,"Office, Commercial, General Lighting",DL-HALO110-15W,Selected configurations available in Bangkok
STARLING 25,Recessed Mini Downlight - Fixed,starling25-render.jpg,starling25-diagram.png,D32 x H50mm,25mm,20,15/24/36°,2700K/3000K/4000K,3W,"On-Off, TRIAC, 0-10V, DALI, CASAMBI",White/Black,—,90,n/a,n/a,n/a,Shelf Display & Cabinets,DL-STARLING25-3W,Selected configurations available in Bangkok
STARLING R45,Recessed Mini Downlight - Adjustable,starlingr45-render.jpg,starlingr45-diagram.png,D50 x H30mm,45mm,20,15/24/36°,2700K/3000K/4000K,3W,"On-Off, TRIAC, 0-10V, DALI, CASAMBI",White/Black,—,90,n/a,n/a,Honeycomb,Shelf Display & Cabinets,DL-STARLINGR45-3W,Selected configurations available in Bangkok
TEMPO,Steplight,tempo-render.jpg,tempo-diagram.png,D45 x H60mm,40mm,20,—,2700K/3000K,3W,On-Off,White/Black,n/a,90,n/a,n/a,n/a,"Hotel, Residence/Walkway & Nightlight",WL-TEMPO40,Selected configurations available in Bangkok
